TradingGroup,Product,SessionDate,TotalVolume
Team HIT,NG,2023-01-18,10.0
Hall Trading,CL,2023-01-18,258.0
ACE ,BZ,2023-01-18,9.0
GTM,HH,2023-01-18,2597.0
GTM,BZ,2023-01-18,173.0
Chicago DTG,RB,2023-01-18,94.0
GAAM,CL,2023-01-18,0.0
Dublin DTG,RB,2023-01-18,454.0
Dublin DTG,NG,2023-01-18,116.0
Chicago DTG,NG,2023-01-18,665.0
GTM,CL,2023-01-18,1253.0
Hall Trading,HO,2023-01-18,3.0
ACE ,HO,2023-01-18,434.0
GTM,NG,2023-01-18,11359.0
Dublin DTG,CL,2023-01-18,132.0
GTM,RB,2023-01-18,348.0
Hall Trading,BZ,2023-01-18,1.0
Hall Trading,RB,2023-01-18,430.0
ACE ,RB,2023-01-18,311.0
Chicago DTG,CL,2023-01-18,940.0
ACE ,CL,2023-01-18,7.0
GTM,HO,2023-01-18,564.0
Hall Trading,BZ,2023-01-17,2.0
GTM,RB,2023-01-17,322.0
Chicago DTG,RB,2023-01-17,270.0
Hall Trading,RB,2023-01-17,245.0
GTM,HH,2023-01-17,2037.0
Hall Trading,HO,2023-01-17,3.0
GAAM,CL,2023-01-17,0.0
Chicago DTG,NG,2023-01-17,884.0
GTM,NG,2023-01-17,8697.0
Dublin DTG,CL,2023-01-17,258.0
GTM,CL,2023-01-17,1234.0
Dublin DTG,NG,2023-01-17,248.0
Team HIT,CL,2023-01-17,148.0
Dublin DTG,HO,2023-01-17,74.0
ACE ,BZ,2023-01-17,195.0
Chicago DTG,CL,2023-01-17,536.0
Hall Trading,CL,2023-01-17,140.0
Team HIT,NG,2023-01-17,2.0
GTM,HO,2023-01-17,716.0
Dublin DTG,RB,2023-01-17,1080.0
ACE ,CL,2023-01-17,7.0
ACE ,HO,2023-01-17,327.0
Chicago DTG,HO,2023-01-17,12.0
ACE ,RB,2023-01-17,435.0
GTM,BZ,2023-01-17,82.0
GTM,HH,2023-01-13,323.0
Chicago DTG,RB,2023-01-13,108.0
Dublin DTG,NG,2023-01-13,112.0
Chicago DTG,CL,2023-01-13,536.0
ACE ,RB,2023-01-13,29.0
Hall Trading,RB,2023-01-13,458.0
Dublin DTG,RB,2023-01-13,1218.0
ACE ,CL,2023-01-13,9.0
ACE ,HO,2023-01-13,484.0
Hall Trading,BZ,2023-01-13,4.0
GAAM,CL,2023-01-13,0.0
GTM,NG,2023-01-13,6458.0
Hall Trading,CL,2023-01-13,263.0
Team HIT,CL,2023-01-13,144.0
Hall Trading,HO,2023-01-13,3.0
GTM,RB,2023-01-13,674.0
Dublin DTG,HO,2023-01-13,20.0
GTM,HO,2023-01-13,606.0
ACE ,BZ,2023-01-13,43.0
GTM,CL,2023-01-13,867.0
Chicago DTG,NG,2023-01-13,856.0
Chicago DTG,HO,2023-01-13,96.0
Team HIT,NG,2023-01-13,14.0
GTM,BZ,2023-01-13,453.0
Dublin DTG,CL,2023-01-13,354.0
ACE ,BZ,2023-01-12,39.0
Chicago DTG,RB,2023-01-12,212.0
GTM,CL,2023-01-12,1577.0
GTM,BZ,2023-01-12,617.0
Dublin DTG,NG,2023-01-12,252.0
GTM,HO,2023-01-12,1002.0
GTM,HH,2023-01-12,910.0
Chicago DTG,NG,2023-01-12,928.0
Dublin DTG,CL,2023-01-12,106.0
GTM,RB,2023-01-12,384.0
ACE ,HO,2023-01-12,754.0
Chicago DTG,CL,2023-01-12,436.0
Hall Trading,RB,2023-01-12,283.0
ACE ,CL,2023-01-12,7.0
Team HIT,NG,2023-01-12,30.0
Hall Trading,CL,2023-01-12,292.0
GTM,NG,2023-01-12,7490.0
ACE ,RB,2023-01-12,193.0
Hall Trading,HO,2023-01-12,21.0
Team HIT,CL,2023-01-12,128.0
GAAM,CL,2023-01-12,0.0
Dublin DTG,RB,2023-01-12,2416.0
Hall Trading,BZ,2023-01-12,4.0
Chicago DTG,HO,2023-01-12,130.0
GTM,RB,2023-01-11,440.0
ACE ,BZ,2023-01-11,108.0
Hall Trading,RB,2023-01-11,658.0
Chicago DTG,CL,2023-01-11,1556.0
Hall Trading,BZ,2023-01-11,20.0
Chicago DTG,NG,2023-01-11,1858.0
Dublin DTG,CL,2023-01-11,462.0
Team HIT,NG,2023-01-11,24.0
Dublin DTG,RB,2023-01-11,618.0
GTM,NG,2023-01-11,13673.0
ACE ,RB,2023-01-11,5.0
GAAM,CL,2023-01-11,0.0
Dublin DTG,HO,2023-01-11,32.0
Dublin DTG,NG,2023-01-11,691.0
Team HIT,CL,2023-01-11,220.0
GTM,HO,2023-01-11,1142.0
GTM,BZ,2023-01-11,650.0
Chicago DTG,RB,2023-01-11,48.0
ACE ,HO,2023-01-11,2085.0
GTM,HH,2023-01-11,2065.0
GTM,CL,2023-01-11,1342.0
Hall Trading,CL,2023-01-11,529.0
Chicago DTG,HO,2023-01-11,24.0
Hall Trading,HO,2023-01-11,29.0
ACE ,CL,2023-01-11,818.0
GTM,CL,2023-01-10,1190.0
GTM,RB,2023-01-10,450.0
Chicago DTG,HO,2023-01-10,204.0
Team HIT,NG,2023-01-10,16.0
Chicago DTG,RB,2023-01-10,232.0
Chicago DTG,NG,2023-01-10,1294.0
Dublin DTG,RB,2023-01-10,354.0
GTM,HH,2023-01-10,1882.0
ACE ,CL,2023-01-10,8.0
Dublin DTG,NG,2023-01-10,794.0
Hall Trading,CL,2023-01-10,282.0
GTM,HO,2023-01-10,1068.0
Chicago DTG,CL,2023-01-10,382.0
GTM,NG,2023-01-10,9608.0
Hall Trading,RB,2023-01-10,357.0
Dublin DTG,HO,2023-01-10,106.0
ACE ,RB,2023-01-10,232.0
ACE ,HO,2023-01-10,1858.0
Dublin DTG,CL,2023-01-10,114.0
Hall Trading,HO,2023-01-10,35.0
Team HIT,CL,2023-01-10,72.0
Hall Trading,BZ,2023-01-10,38.0
ACE ,BZ,2023-01-10,125.0
GTM,BZ,2023-01-10,956.0
GAAM,CL,2023-01-10,0.0
GTM,HO,2023-01-09,1150.0
Dublin DTG,HO,2023-01-09,20.0
Dublin DTG,RB,2023-01-09,746.0
ACE ,HO,2023-01-09,936.0
GTM,HH,2023-01-09,3164.0
Hall Trading,HO,2023-01-09,28.0
Chicago DTG,NG,2023-01-09,1424.0
Dublin DTG,CL,2023-01-09,62.0
GAAM,CL,2023-01-09,0.0
Hall Trading,CL,2023-01-09,80.0
Chicago DTG,CL,2023-01-09,628.0
ACE ,CL,2023-01-09,7.0
Chicago DTG,HO,2023-01-09,48.0
Team HIT,CL,2023-01-09,138.0
ACE ,BZ,2023-01-09,183.0
GTM,NG,2023-01-09,15465.0
GTM,BZ,2023-01-09,306.0
Dublin DTG,NG,2023-01-09,557.0
Hall Trading,BZ,2023-01-09,0.0
ACE ,RB,2023-01-09,456.0
GTM,CL,2023-01-09,756.0
Team HIT,NG,2023-01-09,12.0
Chicago DTG,RB,2023-01-09,164.0
Hall Trading,RB,2023-01-09,220.0
GTM,RB,2023-01-09,456.0
GTM,NG,2023-01-06,7324.0
GTM,RB,2023-01-06,442.0
Chicago DTG,RB,2023-01-06,306.0
Dublin DTG,CL,2023-01-06,186.0
GTM,BZ,2023-01-06,189.0
Team HIT,NG,2023-01-06,22.0
Chicago DTG,CL,2023-01-06,326.0
Chicago DTG,HO,2023-01-06,20.0
Chicago DTG,NG,2023-01-06,1238.0
GTM,CL,2023-01-06,763.0
Dublin DTG,RB,2023-01-06,1306.0
Hall Trading,HO,2023-01-06,22.0
GTM,HH,2023-01-06,2161.0
ACE ,BZ,2023-01-06,64.0
GTM,HO,2023-01-06,1272.0
Dublin DTG,NG,2023-01-06,1242.0
ACE ,CL,2023-01-06,7.0
GAAM,CL,2023-01-06,1.0
Hall Trading,BZ,2023-01-06,0.0
Team HIT,CL,2023-01-06,216.0
Hall Trading,RB,2023-01-06,81.0
ACE ,HO,2023-01-06,2558.0
Hall Trading,CL,2023-01-06,57.0
ACE ,RB,2023-01-06,478.0
Hall Trading,HO,2023-01-05,165.0
Chicago DTG,RB,2023-01-05,128.0
Dublin DTG,CL,2023-01-05,144.0
GTM,BZ,2023-01-05,5048.0
Chicago DTG,CL,2023-01-05,470.0
Dublin DTG,RB,2023-01-05,1232.0
ACE ,BZ,2023-01-05,41.0
GTM,HO,2023-01-05,1034.0
Chicago DTG,HO,2023-01-05,32.0
GTM,HH,2023-01-05,1541.0
ACE ,HO,2023-01-05,1214.0
ACE ,CL,2023-01-05,7.0
Team HIT,CL,2023-01-05,174.0
Dublin DTG,HO,2023-01-05,42.0
GTM,RB,2023-01-05,370.0
Chicago DTG,NG,2023-01-05,3672.0
Team HIT,NG,2023-01-05,6.0
Hall Trading,BZ,2023-01-05,0.0
GTM,CL,2023-01-05,3790.0
Hall Trading,RB,2023-01-05,330.0
Dublin DTG,NG,2023-01-05,1826.0
GTM,NG,2023-01-05,9354.0
Hall Trading,CL,2023-01-05,102.0
ACE ,RB,2023-01-05,453.0
Chicago DTG,CL,2023-01-04,538.0
ACE ,HO,2023-01-04,1313.0
Chicago DTG,HO,2023-01-04,20.0
Team HIT,CL,2023-01-04,268.0
GTM,HH,2023-01-04,1522.0
ACE ,BZ,2023-01-04,70.0
Team HIT,NG,2023-01-04,4.0
GTM,CL,2023-01-04,526.0
Chicago DTG,RB,2023-01-04,144.0
Hall Trading,BZ,2023-01-04,0.0
Chicago DTG,NG,2023-01-04,2198.0
Dublin DTG,RB,2023-01-04,386.0
Hall Trading,HO,2023-01-04,15.0
GTM,HO,2023-01-04,874.0
Hall Trading,RB,2023-01-04,52.0
ACE ,CL,2023-01-04,7.0
Dublin DTG,NG,2023-01-04,511.0
Dublin DTG,HO,2023-01-04,12.0
Dublin DTG,CL,2023-01-04,634.0
GTM,BZ,2023-01-04,170.0
ACE ,RB,2023-01-04,39.0
GTM,RB,2023-01-04,248.0
Hall Trading,CL,2023-01-04,24.0
GTM,NG,2023-01-04,5692.0
Hall Trading,BZ,2023-01-03,1.0
GTM,BZ,2023-01-03,1080.0
GTM,CL,2023-01-03,736.0
Dublin DTG,RB,2023-01-03,96.0
Chicago DTG,RB,2023-01-03,268.0
Dublin DTG,NG,2023-01-03,2017.0
Team HIT,CL,2023-01-03,132.0
Dublin DTG,CL,2023-01-03,514.0
GTM,HH,2023-01-03,3315.0
GTM,HO,2023-01-03,758.0
Chicago DTG,NG,2023-01-03,2452.0
Chicago DTG,CL,2023-01-03,1026.0
Hall Trading,CL,2023-01-03,64.0
GTM,RB,2023-01-03,684.0
ACE ,BZ,2023-01-03,151.0
Chicago DTG,BZ,2023-01-03,18.0
ACE ,CL,2023-01-03,7.0
Team HIT,NG,2023-01-03,18.0
GTM,NG,2023-01-03,10995.0
Dublin DTG,BZ,2023-01-03,15.0
Hall Trading,HO,2023-01-03,44.0
ACE ,HO,2023-01-03,1096.0
Chicago DTG,HO,2023-01-03,28.0
ACE ,RB,2023-01-03,20.0
Dublin DTG,HO,2023-01-03,4.0
Hall Trading,RB,2023-01-03,567.0
GTM,HH,2022-12-30,335.0
Hall Trading,CL,2022-12-30,61.0
Chicago DTG,NG,2022-12-30,1896.0
Dublin DTG,RB,2022-12-30,32.0
GTM,RB,2022-12-30,96.0
Chicago DTG,CL,2022-12-30,356.0
GTM,CL,2022-12-30,1651.0
GTM,NG,2022-12-30,3566.0
Hall Trading,HO,2022-12-30,2.0
GTM,BZ,2022-12-30,919.0
Hall Trading,BZ,2022-12-30,13.0
Chicago DTG,HO,2022-12-30,82.0
Chicago DTG,RB,2022-12-30,94.0
Dublin DTG,BZ,2022-12-30,15.0
ACE ,BZ,2022-12-30,0.0
ACE ,RB,2022-12-30,23.0
Chicago DTG,BZ,2022-12-30,14.0
Dublin DTG,NG,2022-12-30,760.0
ACE ,CL,2022-12-30,27.0
ACE ,HO,2022-12-30,35.0
Team HIT,NG,2022-12-30,28.0
GTM,HO,2022-12-30,230.0
Dublin DTG,CL,2022-12-30,86.0
Hall Trading,RB,2022-12-30,83.0
Team HIT,CL,2022-12-30,76.0
Dublin DTG,HO,2022-12-30,8.0
Chicago DTG,RB,2022-12-29,24.0
ACE ,BZ,2022-12-29,0.0
GTM,RB,2022-12-29,90.0
Chicago DTG,NG,2022-12-29,1002.0
Hall Trading,RB,2022-12-29,13.0
GTM,HO,2022-12-29,332.0
ACE ,CL,2022-12-29,25.0
Hall Trading,BZ,2022-12-29,2.0
Dublin DTG,RB,2022-12-29,202.0
ACE ,RB,2022-12-29,609.0
Team HIT,NG,2022-12-29,18.0
Chicago DTG,CL,2022-12-29,434.0
Team HIT,CL,2022-12-29,44.0
Chicago DTG,HO,2022-12-29,96.0
ACE ,HO,2022-12-29,48.0
GTM,BZ,2022-12-29,152.0
Hall Trading,CL,2022-12-29,1.0
Dublin DTG,CL,2022-12-29,86.0
GTM,NG,2022-12-29,3748.0
Dublin DTG,HO,2022-12-29,12.0
Hall Trading,HO,2022-12-29,4.0
Dublin DTG,NG,2022-12-29,72.0
GTM,CL,2022-12-29,386.0
GTM,HH,2022-12-29,415.0
GTM,NG,2022-12-28,5642.0
ACE ,RB,2022-12-28,23.0
Team HIT,CL,2022-12-28,86.0
Chicago DTG,NG,2022-12-28,4106.0
Dublin DTG,RB,2022-12-28,190.0
GTM,BZ,2022-12-28,644.0
Chicago DTG,RB,2022-12-28,332.0
ACE ,BZ,2022-12-28,0.0
Team HIT,NG,2022-12-28,52.0
ACE ,HO,2022-12-28,37.0
GTM,HH,2022-12-28,990.0
GTM,RB,2022-12-28,336.0
Dublin DTG,CL,2022-12-28,18.0
Chicago DTG,CL,2022-12-28,90.0
Chicago DTG,HO,2022-12-28,4.0
Hall Trading,RB,2022-12-28,54.0
Hall Trading,HO,2022-12-28,18.0
Hall Trading,CL,2022-12-28,201.0
GTM,CL,2022-12-28,350.0
Dublin DTG,NG,2022-12-28,234.0
ACE ,CL,2022-12-28,26.0
GTM,HO,2022-12-28,968.0
Hall Trading,BZ,2022-12-28,11.0
ACE ,RB,2022-12-27,24.0
Team HIT,NG,2022-12-27,14.0
Hall Trading,BZ,2022-12-27,53.0
ACE ,HO,2022-12-27,35.0
Chicago DTG,RB,2022-12-27,716.0
Hall Trading,CL,2022-12-27,9.0
Chicago DTG,NG,2022-12-27,1036.0
Hall Trading,RB,2022-12-27,256.0
ACE ,BZ,2022-12-27,0.0
Dublin DTG,NG,2022-12-27,116.0
Chicago DTG,CL,2022-12-27,272.0
GTM,BZ,2022-12-27,710.0
GTM,CL,2022-12-27,474.0
GTM,RB,2022-12-27,94.0
Team HIT,CL,2022-12-27,48.0
Chicago DTG,HO,2022-12-27,16.0
Dublin DTG,RB,2022-12-27,48.0
GTM,NG,2022-12-27,5187.0
Hall Trading,HO,2022-12-27,12.0
GTM,HH,2022-12-27,970.0
ACE ,CL,2022-12-27,27.0
GTM,HO,2022-12-27,250.0
ACE ,HO,2022-12-23,35.0
Chicago DTG,CL,2022-12-23,626.0
Dublin DTG,NG,2022-12-23,26.0
Hall Trading,RB,2022-12-23,148.0
Chicago DTG,NG,2022-12-23,514.0
Team HIT,CL,2022-12-23,34.0
Hall Trading,HO,2022-12-23,0.0
ACE ,RB,2022-12-23,23.0
GTM,CL,2022-12-23,683.0
GTM,BZ,2022-12-23,493.0
ACE ,BZ,2022-12-23,0.0
GTM,HO,2022-12-23,270.0
Hall Trading,CL,2022-12-23,29.0
GTM,RB,2022-12-23,288.0
GTM,NG,2022-12-23,7710.0
ACE ,CL,2022-12-23,27.0
Hall Trading,BZ,2022-12-23,101.0
Chicago DTG,RB,2022-12-23,124.0
GTM,HH,2022-12-23,3075.0
Chicago DTG,HO,2022-12-23,8.0
Team HIT,NG,2022-12-23,24.0
Dublin DTG,RB,2022-12-23,380.0
Hall Trading,CL,2022-12-22,7.0
ACE ,BZ,2022-12-22,0.0
GTM,RB,2022-12-22,684.0
ACE ,RB,2022-12-22,26.0
Hall Trading,HO,2022-12-22,0.0
Chicago DTG,RB,2022-12-22,232.0
GTM,CL,2022-12-22,481.0
Dublin DTG,NG,2022-12-22,88.0
GTM,HO,2022-12-22,570.0
GTM,NG,2022-12-22,7705.0
Hall Trading,RB,2022-12-22,368.0
Hall Trading,BZ,2022-12-22,67.0
Chicago DTG,CL,2022-12-22,70.0
ACE ,HO,2022-12-22,34.0
GTM,BZ,2022-12-22,607.0
Team HIT,CL,2022-12-22,84.0
Chicago DTG,NG,2022-12-22,1380.0
Dublin DTG,RB,2022-12-22,20.0
GTM,HH,2022-12-22,3235.0
ACE ,CL,2022-12-22,25.0
Hall Trading,CL,2022-12-21,38.0
ACE ,BZ,2022-12-21,0.0
ACE ,CL,2022-12-21,26.0
Chicago DTG,CL,2022-12-21,380.0
Dublin DTG,NG,2022-12-21,49.0
Chicago DTG,NG,2022-12-21,522.0
Hall Trading,HO,2022-12-21,47.0
GTM,NG,2022-12-21,5178.0
GTM,BZ,2022-12-21,225.0
Chicago DTG,RB,2022-12-21,224.0
GTM,CL,2022-12-21,337.0
GTM,HO,2022-12-21,710.0
Dublin DTG,HO,2022-12-21,108.0
Chicago DTG,HO,2022-12-21,94.0
GTM,HH,2022-12-21,1695.0
Dublin DTG,RB,2022-12-21,258.0
GTM,RB,2022-12-21,514.0
ACE ,RB,2022-12-21,45.0
Hall Trading,RB,2022-12-21,368.0
Dublin DTG,CL,2022-12-21,94.0
ACE ,HO,2022-12-21,572.0
Team HIT,NG,2022-12-21,10.0
Team HIT,CL,2022-12-21,224.0
Hall Trading,BZ,2022-12-21,258.0
Team HIT,NG,2022-12-20,22.0
GTM,NG,2022-12-20,9366.0
GTM,HO,2022-12-20,994.0
Chicago DTG,RB,2022-12-20,28.0
Chicago DTG,HO,2022-12-20,40.0
ACE ,CL,2022-12-20,25.0
Team HIT,CL,2022-12-20,104.0
GTM,BZ,2022-12-20,995.0
Chicago DTG,NG,2022-12-20,1846.0
GTM,CL,2022-12-20,719.0
ACE ,RB,2022-12-20,24.0
ACE ,HO,2022-12-20,938.0
Hall Trading,RB,2022-12-20,115.0
GTM,RB,2022-12-20,328.0
Dublin DTG,CL,2022-12-20,106.0
Dublin DTG,NG,2022-12-20,147.0
ACE ,BZ,2022-12-20,6.0
GTM,HH,2022-12-20,2696.0
Hall Trading,BZ,2022-12-20,200.0
Dublin DTG,RB,2022-12-20,100.0
Hall Trading,CL,2022-12-20,15.0
Hall Trading,HO,2022-12-20,28.0
Chicago DTG,CL,2022-12-20,342.0
GTM,BZ,2022-12-19,916.0
GTM,CL,2022-12-19,951.0
GTM,HO,2022-12-19,784.0
Chicago DTG,CL,2022-12-19,468.0
ACE ,BZ,2022-12-19,61.0
Dublin DTG,RB,2022-12-19,48.0
GTM,HH,2022-12-19,2852.0
Team HIT,NG,2022-12-19,8.0
Chicago DTG,NG,2022-12-19,2582.0
Chicago DTG,RB,2022-12-19,212.0
Hall Trading,CL,2022-12-19,38.0
Team HIT,CL,2022-12-19,148.0
ACE ,RB,2022-12-19,23.0
GTM,NG,2022-12-19,8145.0
ACE ,CL,2022-12-19,371.0
Hall Trading,RB,2022-12-19,430.0
Hall Trading,BZ,2022-12-19,1.0
Dublin DTG,NG,2022-12-19,130.0
GTM,RB,2022-12-19,216.0
ACE ,HO,2022-12-19,558.0
Dublin DTG,CL,2022-12-19,132.0
Hall Trading,HO,2022-12-19,34.0
ACE ,BZ,2022-12-16,19.0
GTM,CL,2022-12-16,851.0
GTM,HO,2022-12-16,416.0
GTM,RB,2022-12-16,70.0
Team HIT,NG,2022-12-16,14.0
GTM,BZ,2022-12-16,671.0
Team HIT,CL,2022-12-16,64.0
Chicago DTG,CL,2022-12-16,882.0
GTM,NG,2022-12-16,8149.0
Hall Trading,RB,2022-12-16,509.0
ACE ,HO,2022-12-16,631.0
Chicago DTG,HO,2022-12-16,10.0
ACE ,CL,2022-12-16,27.0
ACE ,RB,2022-12-16,24.0
Hall Trading,BZ,2022-12-16,0.0
GTM,HH,2022-12-16,3670.0
Hall Trading,CL,2022-12-16,21.0
Hall Trading,HO,2022-12-16,4.0
Dublin DTG,NG,2022-12-16,14.0
Chicago DTG,RB,2022-12-16,56.0
Chicago DTG,NG,2022-12-16,2848.0
Dublin DTG,CL,2022-12-16,68.0
Team HIT,CL,2022-12-15,148.0
ACE ,BZ,2022-12-15,6.0
Chicago DTG,RB,2022-12-15,156.0
Dublin DTG,HO,2022-12-15,24.0
Dublin DTG,RB,2022-12-15,56.0
ACE ,RB,2022-12-15,25.0
Dublin DTG,CL,2022-12-15,40.0
ACE ,HO,2022-12-15,587.0
GTM,HO,2022-12-15,1416.0
Hall Trading,BZ,2022-12-15,0.0
Team HIT,NG,2022-12-15,14.0
GTM,HH,2022-12-15,2330.0
Hall Trading,CL,2022-12-15,10.0
Hall Trading,HO,2022-12-15,6.0
ACE ,CL,2022-12-15,28.0
GTM,BZ,2022-12-15,514.0
Chicago DTG,NG,2022-12-15,2250.0
Dublin DTG,NG,2022-12-15,303.0
GTM,CL,2022-12-15,2180.0
Hall Trading,RB,2022-12-15,20.0
GTM,RB,2022-12-15,266.0
Chicago DTG,CL,2022-12-15,270.0
GTM,NG,2022-12-15,9837.0
Chicago DTG,CL,2022-12-14,1666.0
GTM,NG,2022-12-14,7144.0
Dublin DTG,HO,2022-12-14,50.0
Hall Trading,RB,2022-12-14,154.0
ACE ,RB,2022-12-14,24.0
Dublin DTG,RB,2022-12-14,46.0
Team HIT,CL,2022-12-14,178.0
Chicago DTG,HO,2022-12-14,80.0
Hall Trading,CL,2022-12-14,0.0
Dublin DTG,CL,2022-12-14,716.0
Hall Trading,HO,2022-12-14,0.0
Hall Trading,BZ,2022-12-14,50.0
Team HIT,NG,2022-12-14,18.0
GTM,HO,2022-12-14,1172.0
GTM,RB,2022-12-14,338.0
GTM,BZ,2022-12-14,261.0
GTM,HH,2022-12-14,1799.0
Chicago DTG,RB,2022-12-14,108.0
Chicago DTG,NG,2022-12-14,2236.0
Dublin DTG,NG,2022-12-14,541.0
GTM,CL,2022-12-14,993.0
ACE ,BZ,2022-12-14,89.0
ACE ,HO,2022-12-14,1762.0
ACE ,CL,2022-12-14,25.0
GTM,HH,2022-12-13,1817.0
ACE ,RB,2022-12-13,1545.0
Chicago DTG,NG,2022-12-13,2892.0
Chicago DTG,CL,2022-12-13,586.0
GTM,HO,2022-12-13,1582.0
ACE ,CL,2022-12-13,25.0
Hall Trading,CL,2022-12-13,22.0
Dublin DTG,RB,2022-12-13,184.0
Hall Trading,RB,2022-12-13,64.0
GTM,NG,2022-12-13,13099.0
Chicago DTG,HO,2022-12-13,10.0
GTM,CL,2022-12-13,976.0
GTM,RB,2022-12-13,468.0
ACE ,HO,2022-12-13,822.0
Team HIT,NG,2022-12-13,30.0
ACE ,BZ,2022-12-13,12.0
Team HIT,CL,2022-12-13,116.0
Hall Trading,HO,2022-12-13,0.0
Dublin DTG,NG,2022-12-13,990.0
Chicago DTG,RB,2022-12-13,8.0
Hall Trading,BZ,2022-12-13,0.0
GTM,BZ,2022-12-13,138.0
Dublin DTG,CL,2022-12-13,196.0
ACE ,HO,2022-12-12,538.0
GTM,HO,2022-12-12,2126.0
ACE ,BZ,2022-12-12,47.0
ACE ,CL,2022-12-12,27.0
Hall Trading,RB,2022-12-12,146.0
Chicago DTG,HO,2022-12-12,12.0
GTM,NG,2022-12-12,11121.0
GTM,HH,2022-12-12,2400.0
Dublin DTG,NG,2022-12-12,1676.0
Chicago DTG,RB,2022-12-12,224.0
Dublin DTG,CL,2022-12-12,110.0
Hall Trading,BZ,2022-12-12,3.0
GTM,CL,2022-12-12,910.0
Hall Trading,CL,2022-12-12,20.0
GTM,BZ,2022-12-12,82.0
ACE ,RB,2022-12-12,486.0
Chicago DTG,NG,2022-12-12,4484.0
Chicago DTG,CL,2022-12-12,420.0
Team HIT,NG,2022-12-12,22.0
GTM,RB,2022-12-12,252.0
Team HIT,CL,2022-12-12,62.0
Dublin DTG,RB,2022-12-12,360.0
Hall Trading,HO,2022-12-12,4.0
Dublin DTG,HO,2022-12-12,48.0
Chicago DTG,RB,2022-12-09,56.0
ACE ,BZ,2022-12-09,135.0
Chicago DTG,NG,2022-12-09,820.0
GTM,NG,2022-12-09,8866.0
Team HIT,NG,2022-12-09,14.0
Dublin DTG,CL,2022-12-09,44.0
GTM,HH,2022-12-09,1617.0
GTM,CL,2022-12-09,628.0
GTM,RB,2022-12-09,198.0
Dublin DTG,NG,2022-12-09,10.0
ACE ,HO,2022-12-09,720.0
GTM,HO,2022-12-09,1466.0
Hall Trading,CL,2022-12-09,21.0
Hall Trading,BZ,2022-12-09,0.0
Team HIT,CL,2022-12-09,336.0
ACE ,CL,2022-12-09,28.0
GTM,BZ,2022-12-09,156.0
ACE ,RB,2022-12-09,27.0
Hall Trading,HO,2022-12-09,2.0
Chicago DTG,CL,2022-12-09,986.0
Dublin DTG,RB,2022-12-09,130.0
Hall Trading,RB,2022-12-09,113.0
Chicago DTG,NG,2022-12-08,1228.0
ACE ,CL,2022-12-08,25.0
GTM,CL,2022-12-08,2160.0
Team HIT,NG,2022-12-08,20.0
Dublin DTG,RB,2022-12-08,354.0
Chicago DTG,HO,2022-12-08,130.0
ACE ,HO,2022-12-08,1357.0
ACE ,RB,2022-12-08,24.0
GTM,HH,2022-12-08,3594.0
GTM,BZ,2022-12-08,132.0
Team HIT,CL,2022-12-08,278.0
Dublin DTG,NG,2022-12-08,200.0
GTM,RB,2022-12-08,432.0
Hall Trading,CL,2022-12-08,67.0
GTM,NG,2022-12-08,9542.0
Dublin DTG,HO,2022-12-08,160.0
ACE ,BZ,2022-12-08,145.0
Dublin DTG,CL,2022-12-08,502.0
Chicago DTG,RB,2022-12-08,292.0
Chicago DTG,CL,2022-12-08,2494.0
Hall Trading,RB,2022-12-08,538.0
Hall Trading,BZ,2022-12-08,1.0
GTM,HO,2022-12-08,2154.0
Hall Trading,HO,2022-12-08,100.0
GTM,HO,2022-12-07,1182.0
Hall Trading,HO,2022-12-07,47.0
Hall Trading,BZ,2022-12-07,0.0
GTM,BZ,2022-12-07,158.0
GTM,HH,2022-12-07,1032.0
Dublin DTG,HO,2022-12-07,156.0
Dublin DTG,CL,2022-12-07,34.0
ACE ,CL,2022-12-07,25.0
Hall Trading,CL,2022-12-07,32.0
ACE ,RB,2022-12-07,23.0
Team HIT,NG,2022-12-07,28.0
Chicago DTG,RB,2022-12-07,358.0
GTM,CL,2022-12-07,1228.0
Dublin DTG,RB,2022-12-07,1000.0
Chicago DTG,NG,2022-12-07,1412.0
GTM,RB,2022-12-07,484.0
Hall Trading,RB,2022-12-07,328.0
GTM,NG,2022-12-07,12636.0
Chicago DTG,HO,2022-12-07,208.0
Team HIT,CL,2022-12-07,174.0
Chicago DTG,CL,2022-12-07,1238.0
ACE ,BZ,2022-12-07,231.0
Dublin DTG,NG,2022-12-07,606.0
ACE ,HO,2022-12-07,912.0
Hall Trading,CL,2022-12-06,15.0
Chicago DTG,HO,2022-12-06,34.0
GTM,RB,2022-12-06,194.0
Hall Trading,RB,2022-12-06,260.0
Dublin DTG,NG,2022-12-06,599.0
Team HIT,NG,2022-12-06,38.0
Hall Trading,BZ,2022-12-06,1.0
Chicago DTG,NG,2022-12-06,836.0
GTM,CL,2022-12-06,1088.0
ACE ,HO,2022-12-06,1418.0
Chicago DTG,RB,2022-12-06,358.0
ACE ,RB,2022-12-06,30.0
ACE ,CL,2022-12-06,65.0
Hall Trading,HO,2022-12-06,6.0
Team HIT,CL,2022-12-06,204.0
GTM,BZ,2022-12-06,188.0
GTM,NG,2022-12-06,7016.0
GTM,HH,2022-12-06,2754.0
Dublin DTG,HO,2022-12-06,248.0
Dublin DTG,CL,2022-12-06,402.0
ACE ,BZ,2022-12-06,71.0
Dublin DTG,RB,2022-12-06,170.0
Chicago DTG,CL,2022-12-06,468.0
GTM,HO,2022-12-06,1526.0
ACE ,BZ,2022-12-05,82.0
Team HIT,CL,2022-12-05,234.0
GTM,HH,2022-12-05,2484.0
Dublin DTG,NG,2022-12-05,1171.0
Chicago DTG,HO,2022-12-05,148.0
ACE ,CL,2022-12-05,48.0
GTM,BZ,2022-12-05,311.0
Hall Trading,CL,2022-12-05,22.0
GTM,RB,2022-12-05,220.0
Dublin DTG,HO,2022-12-05,60.0
GTM,NG,2022-12-05,9874.0
Hall Trading,HO,2022-12-05,3.0
ACE ,HO,2022-12-05,1861.0
Chicago DTG,NG,2022-12-05,1148.0
Hall Trading,BZ,2022-12-05,1.0
Chicago DTG,RB,2022-12-05,316.0
GTM,CL,2022-12-05,827.0
Hall Trading,RB,2022-12-05,162.0
Team HIT,NG,2022-12-05,22.0
GTM,HO,2022-12-05,1698.0
ACE ,RB,2022-12-05,0.0
Chicago DTG,CL,2022-12-05,1678.0
Dublin DTG,CL,2022-12-05,454.0
Dublin DTG,RB,2022-12-05,1342.0
GTM,BZ,2022-12-02,338.0
Chicago DTG,NG,2022-12-02,598.0
GTM,HH,2022-12-02,1261.0
Dublin DTG,RB,2022-12-02,1042.0
ACE ,CL,2022-12-02,25.0
Dublin DTG,NG,2022-12-02,304.0
Hall Trading,RB,2022-12-02,356.0
Team HIT,NG,2022-12-02,100.0
Hall Trading,CL,2022-12-02,40.0
Chicago DTG,HO,2022-12-02,86.0
Chicago DTG,CL,2022-12-02,324.0
Hall Trading,HO,2022-12-02,0.0
GTM,HO,2022-12-02,952.0
ACE ,BZ,2022-12-02,70.0
Team HIT,CL,2022-12-02,64.0
GTM,NG,2022-12-02,7253.0
GTM,RB,2022-12-02,420.0
Dublin DTG,CL,2022-12-02,94.0
GTM,CL,2022-12-02,802.0
Hall Trading,BZ,2022-12-02,2.0
ACE ,HO,2022-12-02,1037.0
ACE ,RB,2022-12-02,24.0
Chicago DTG,RB,2022-12-02,200.0
GTM,RB,2022-12-01,214.0
ACE ,CL,2022-12-01,29.0
GTM,NG,2022-12-01,6734.0
Hall Trading,HO,2022-12-01,0.0
Hall Trading,CL,2022-12-01,708.0
ACE ,BZ,2022-12-01,37.0
Chicago DTG,CL,2022-12-01,862.0
Dublin DTG,HO,2022-12-01,192.0
Hall Trading,BZ,2022-12-01,2.0
GTM,HO,2022-12-01,880.0
Chicago DTG,NG,2022-12-01,398.0
ACE ,RB,2022-12-01,813.0
Dublin DTG,NG,2022-12-01,474.0
GTM,HH,2022-12-01,1984.0
Chicago DTG,RB,2022-12-01,4.0
Chicago DTG,HO,2022-12-01,22.0
GTM,CL,2022-12-01,275.0
GTM,BZ,2022-12-01,179.0
Team HIT,CL,2022-12-01,118.0
Dublin DTG,CL,2022-12-01,108.0
ACE ,HO,2022-12-01,1069.0
Dublin DTG,RB,2022-12-01,214.0
Team HIT,NG,2022-12-01,102.0
Hall Trading,RB,2022-12-01,905.0
GTM,NG,2022-11-30,6873.0
Dublin DTG,RB,2022-11-30,144.0
GTM,HH,2022-11-30,1537.0
ACE ,BZ,2022-11-30,97.0
GTM,HO,2022-11-30,660.0
Dublin DTG,NG,2022-11-30,864.0
GTM,BZ,2022-11-30,193.0
ACE ,RB,2022-11-30,3.0
Chicago DTG,NG,2022-11-30,2490.0
Chicago DTG,RB,2022-11-30,40.0
Hall Trading,RB,2022-11-30,68.0
ACE ,HO,2022-11-30,915.0
Hall Trading,CL,2022-11-30,39.0
Chicago DTG,CL,2022-11-30,894.0
Dublin DTG,CL,2022-11-30,140.0
ACE ,CL,2022-11-30,27.0
Hall Trading,BZ,2022-11-30,9.0
Team HIT,NG,2022-11-30,110.0
Team HIT,CL,2022-11-30,136.0
Hall Trading,HO,2022-11-30,0.0
GTM,CL,2022-11-30,478.0
GTM,RB,2022-11-30,206.0
ACE ,RB,2022-11-29,177.0
Chicago DTG,RB,2022-11-29,256.0
GTM,CL,2022-11-29,348.0
Hall Trading,CL,2022-11-29,16.0
Chicago DTG,NG,2022-11-29,602.0
ACE ,HO,2022-11-29,2320.0
Chicago DTG,HO,2022-11-29,214.0
Dublin DTG,CL,2022-11-29,318.0
GTM,BZ,2022-11-29,232.0
GTM,HH,2022-11-29,861.0
Hall Trading,HO,2022-11-29,2.0
Hall Trading,BZ,2022-11-29,345.0
Hall Trading,RB,2022-11-29,25.0
Chicago DTG,CL,2022-11-29,1050.0
Dublin DTG,HO,2022-11-29,34.0
GTM,RB,2022-11-29,316.0
ACE ,BZ,2022-11-29,57.0
GTM,HO,2022-11-29,1090.0
ACE ,CL,2022-11-29,25.0
Dublin DTG,RB,2022-11-29,756.0
Team HIT,CL,2022-11-29,178.0
Dublin DTG,NG,2022-11-29,596.0
Team HIT,NG,2022-11-29,136.0
GTM,NG,2022-11-29,7616.0
GTM,HO,2022-11-28,1558.0
ACE ,RB,2022-11-28,175.0
Chicago DTG,HO,2022-11-28,126.0
ACE ,CL,2022-11-28,27.0
GTM,NG,2022-11-28,8318.0
Chicago DTG,RB,2022-11-28,184.0
GTM,CL,2022-11-28,393.0
ACE ,HO,2022-11-28,596.0
GTM,RB,2022-11-28,182.0
ACE ,BZ,2022-11-28,149.0
GTM,HH,2022-11-28,2146.0
Team HIT,NG,2022-11-28,108.0
Team HIT,CL,2022-11-28,168.0
Chicago DTG,CL,2022-11-28,704.0
Hall Trading,CL,2022-11-28,35.0
Chicago DTG,NG,2022-11-28,250.0
Dublin DTG,RB,2022-11-28,482.0
GTM,BZ,2022-11-28,135.0
Hall Trading,RB,2022-11-28,56.0
Hall Trading,BZ,2022-11-28,13.0
Dublin DTG,HO,2022-11-28,96.0
Dublin DTG,NG,2022-11-28,143.0
Hall Trading,HO,2022-11-28,0.0
Dublin DTG,CL,2022-11-28,163.0
GTM,HH,2022-11-25,257.0
Hall Trading,HO,2022-11-25,14.0
ACE ,HO,2022-11-25,444.0
ACE ,CL,2022-11-25,26.0
GTM,RB,2022-11-25,180.0
Chicago DTG,CL,2022-11-25,128.0
Hall Trading,CL,2022-11-25,24.0
Dublin DTG,RB,2022-11-25,168.0
GTM,NG,2022-11-25,3461.0
Chicago DTG,NG,2022-11-25,398.0
Dublin DTG,CL,2022-11-25,185.0
Team HIT,CL,2022-11-25,44.0
ACE ,BZ,2022-11-25,0.0
GTM,HO,2022-11-25,636.0
ACE ,RB,2022-11-25,169.0
GTM,CL,2022-11-25,48.0
GTM,BZ,2022-11-25,28.0
Dublin DTG,NG,2022-11-25,481.0
Hall Trading,RB,2022-11-25,87.0
Hall Trading,BZ,2022-11-25,19.0
Team HIT,NG,2022-11-25,22.0
Dublin DTG,HO,2022-11-23,24.0
Chicago DTG,RB,2022-11-23,276.0
GTM,RB,2022-11-23,178.0
ACE ,HO,2022-11-23,387.0
Team HIT,NG,2022-11-23,104.0
Hall Trading,RB,2022-11-23,285.0
Chicago DTG,NG,2022-11-23,1814.0
ACE ,CL,2022-11-23,27.0
Team HIT,CL,2022-11-23,74.0
ACE ,BZ,2022-11-23,16.0
GTM,CL,2022-11-23,338.0
Dublin DTG,NG,2022-11-23,1104.0
GTM,HH,2022-11-23,972.0
Hall Trading,CL,2022-11-23,20.0
GTM,NG,2022-11-23,9551.0
Hall Trading,BZ,2022-11-23,31.0
GTM,HO,2022-11-23,1252.0
Dublin DTG,CL,2022-11-23,408.0
Dublin DTG,BZ,2022-11-23,82.0
GTM,BZ,2022-11-23,72.0
ACE ,RB,2022-11-23,358.0
Dublin DTG,RB,2022-11-23,238.0
Hall Trading,HO,2022-11-23,12.0
Chicago DTG,HO,2022-11-23,72.0
Chicago DTG,CL,2022-11-23,466.0
Chicago DTG,HO,2022-11-22,634.0
GTM,NG,2022-11-22,9745.0
Dublin DTG,NG,2022-11-22,746.0
Team HIT,NG,2022-11-22,6.0
GTM,CL,2022-11-22,1020.0
GTM,BZ,2022-11-22,442.0
ACE ,BZ,2022-11-22,0.0
Chicago DTG,CL,2022-11-22,264.0
Chicago DTG,RB,2022-11-22,180.0
Dublin DTG,RB,2022-11-22,346.0
GTM,RB,2022-11-22,324.0
ACE ,HO,2022-11-22,449.0
GTM,HO,2022-11-22,1412.0
Hall Trading,HO,2022-11-22,14.0
Team HIT,CL,2022-11-22,148.0
Hall Trading,CL,2022-11-22,531.0
ACE ,RB,2022-11-22,386.0
ACE ,CL,2022-11-22,25.0
Dublin DTG,CL,2022-11-22,222.0
Hall Trading,RB,2022-11-22,119.0
Dublin DTG,HO,2022-11-22,72.0
Hall Trading,BZ,2022-11-22,27.0
GTM,HH,2022-11-22,1692.0
Chicago DTG,NG,2022-11-22,356.0
Dublin DTG,NG,2022-11-21,542.0
GTM,RB,2022-11-21,70.0
Chicago DTG,HO,2022-11-21,136.0
GTM,HO,2022-11-21,1084.0
Hall Trading,HO,2022-11-21,14.0
Dublin DTG,CL,2022-11-21,1204.0
ACE ,BZ,2022-11-21,10.0
GTM,NG,2022-11-21,8883.0
Chicago DTG,CL,2022-11-21,4188.0
GTM,BZ,2022-11-21,3264.0
Chicago DTG,RB,2022-11-21,534.0
ACE ,RB,2022-11-21,99.0
Hall Trading,RB,2022-11-21,346.0
Hall Trading,BZ,2022-11-21,26.0
Team HIT,CL,2022-11-21,576.0
Hall Trading,CL,2022-11-21,44.0
GTM,HH,2022-11-21,1210.0
Dublin DTG,HO,2022-11-21,40.0
Team HIT,NG,2022-11-21,12.0
GTM,CL,2022-11-21,2231.0
Dublin DTG,RB,2022-11-21,328.0
ACE ,HO,2022-11-21,212.0
Chicago DTG,NG,2022-11-21,332.0
ACE ,CL,2022-11-21,26.0
Hall Trading,CL,2022-11-18,48.0
Team HIT,CL,2022-11-18,376.0
Hall Trading,HO,2022-11-18,0.0
GTM,HO,2022-11-18,1088.0
GTM,NG,2022-11-18,7410.0
GTM,CL,2022-11-18,8391.0
Dublin DTG,CL,2022-11-18,1236.0
Team HIT,NG,2022-11-18,116.0
ACE ,BZ,2022-11-18,5.0
Dublin DTG,HO,2022-11-18,40.0
Chicago DTG,NG,2022-11-18,608.0
GTM,BZ,2022-11-18,1756.0
GTM,RB,2022-11-18,158.0
Dublin DTG,RB,2022-11-18,368.0
Chicago DTG,CL,2022-11-18,2132.0
Hall Trading,RB,2022-11-18,232.0
Dublin DTG,NG,2022-11-18,331.0
Chicago DTG,HO,2022-11-18,98.0
GTM,HH,2022-11-18,1899.0
Hall Trading,BZ,2022-11-18,18.0
ACE ,HO,2022-11-18,1070.0
ACE ,RB,2022-11-18,82.0
Chicago DTG,RB,2022-11-18,210.0
ACE ,CL,2022-11-18,74.0
Hall Trading,HO,2022-11-17,20.0
ACE ,BZ,2022-11-17,22.0
Dublin DTG,HO,2022-11-17,100.0
GTM,CL,2022-11-17,3882.0
ACE ,CL,2022-11-17,29.0
Dublin DTG,CL,2022-11-17,324.0
Chicago DTG,NG,2022-11-17,1328.0
Chicago DTG,CL,2022-11-17,1144.0
Dublin DTG,NG,2022-11-17,1065.0
Team HIT,NG,2022-11-17,114.0
Chicago DTG,HO,2022-11-17,168.0
Team HIT,CL,2022-11-17,150.0
GTM,NG,2022-11-17,8370.0
Hall Trading,BZ,2022-11-17,17.0
GTM,HO,2022-11-17,944.0
Dublin DTG,RB,2022-11-17,130.0
Chicago DTG,RB,2022-11-17,184.0
GTM,HH,2022-11-17,1062.0
GTM,RB,2022-11-17,376.0
ACE ,HO,2022-11-17,872.0
Hall Trading,CL,2022-11-17,16.0
ACE ,RB,2022-11-17,239.0
Hall Trading,RB,2022-11-17,151.0
GTM,BZ,2022-11-17,1732.0
GTM,HH,2022-11-16,2115.0
Dublin DTG,CL,2022-11-16,118.0
GTM,RB,2022-11-16,300.0
GTM,BZ,2022-11-16,1299.0
Team HIT,CL,2022-11-16,42.0
Chicago DTG,HO,2022-11-16,98.0
GTM,CL,2022-11-16,1683.0
Hall Trading,CL,2022-11-16,25.0
Hall Trading,BZ,2022-11-16,5.0
ACE ,HO,2022-11-16,264.0
Chicago DTG,CL,2022-11-16,366.0
Dublin DTG,NG,2022-11-16,1478.0
Chicago DTG,RB,2022-11-16,204.0
ACE ,BZ,2022-11-16,3.0
ACE ,RB,2022-11-16,369.0
GTM,NG,2022-11-16,8710.0
GTM,HO,2022-11-16,570.0
Dublin DTG,HO,2022-11-16,2.0
Hall Trading,RB,2022-11-16,86.0
Chicago DTG,NG,2022-11-16,940.0
Team HIT,NG,2022-11-16,152.0
Hall Trading,HO,2022-11-16,0.0
ACE ,CL,2022-11-16,97.0
Dublin DTG,RB,2022-11-16,148.0
ACE ,RB,2022-11-15,156.0
GTM,BZ,2022-11-15,818.0
Dublin DTG,CL,2022-11-15,513.0
Chicago DTG,CL,2022-11-15,1376.0
Chicago DTG,RB,2022-11-15,388.0
ACE ,HO,2022-11-15,1446.0
Team HIT,NG,2022-11-15,96.0
GTM,CL,2022-11-15,2326.0
Chicago DTG,HO,2022-11-15,206.0
Dublin DTG,RB,2022-11-15,744.0
Dublin DTG,HO,2022-11-15,16.0
ACE ,CL,2022-11-15,94.0
Hall Trading,CL,2022-11-15,31.0
GTM,HO,2022-11-15,662.0
Chicago DTG,NG,2022-11-15,280.0
GTM,RB,2022-11-15,306.0
Hall Trading,BZ,2022-11-15,100.0
Hall Trading,RB,2022-11-15,154.0
GTM,HH,2022-11-15,1065.0
GTM,NG,2022-11-15,4915.0
Dublin DTG,NG,2022-11-15,339.0
Team HIT,CL,2022-11-15,112.0
Hall Trading,HO,2022-11-15,3.0
ACE ,BZ,2022-11-15,12.0
Team HIT,CL,2022-11-14,144.0
Chicago DTG,CL,2022-11-14,662.0
Dublin DTG,RB,2022-11-14,366.0
GTM,BZ,2022-11-14,884.0
Hall Trading,RB,2022-11-14,166.0
Dublin DTG,NG,2022-11-14,706.0
Chicago DTG,NG,2022-11-14,1122.0
Chicago DTG,RB,2022-11-14,488.0
GTM,HH,2022-11-14,1653.0
Team HIT,NG,2022-11-14,158.0
ACE ,RB,2022-11-14,103.0
Chicago DTG,HO,2022-11-14,114.0
Dublin DTG,HO,2022-11-14,40.0
GTM,CL,2022-11-14,3358.0
GTM,RB,2022-11-14,230.0
ACE ,HO,2022-11-14,818.0
GTM,NG,2022-11-14,7427.0
ACE ,CL,2022-11-14,149.0
Hall Trading,BZ,2022-11-14,30.0
GTM,HO,2022-11-14,1612.0
Dublin DTG,CL,2022-11-14,213.0
Hall Trading,CL,2022-11-14,38.0
ACE ,BZ,2022-11-14,0.0
Hall Trading,HO,2022-11-14,20.0
Chicago DTG,RB,2022-11-11,398.0
GTM,BZ,2022-11-11,997.0
GTM,CL,2022-11-11,2053.0
Chicago DTG,NG,2022-11-11,1324.0
Chicago DTG,HO,2022-11-11,568.0
Hall Trading,RB,2022-11-11,385.0
Team HIT,NG,2022-11-11,160.0
ACE ,HO,2022-11-11,489.0
Dublin DTG,NG,2022-11-11,695.0
ACE ,RB,2022-11-11,74.0
Chicago DTG,CL,2022-11-11,600.0
GTM,RB,2022-11-11,234.0
Hall Trading,HO,2022-11-11,49.0
Dublin DTG,CL,2022-11-11,138.0
Hall Trading,CL,2022-11-11,30.0
Dublin DTG,HO,2022-11-11,116.0
Dublin DTG,RB,2022-11-11,352.0
GTM,NG,2022-11-11,5954.0
ACE ,CL,2022-11-11,517.0
ACE ,BZ,2022-11-11,114.0
GTM,HO,2022-11-11,1252.0
Hall Trading,BZ,2022-11-11,20.0
GTM,HH,2022-11-11,734.0
Team HIT,CL,2022-11-11,50.0
Dublin DTG,RB,2022-11-10,252.0
GTM,CL,2022-11-10,2452.0
GTM,BZ,2022-11-10,1772.0
GTM,HO,2022-11-10,1248.0
Team HIT,CL,2022-11-10,160.0
Chicago DTG,NG,2022-11-10,1544.0
ACE ,HO,2022-11-10,904.0
Chicago DTG,HO,2022-11-10,352.0
Hall Trading,HO,2022-11-10,64.0
Dublin DTG,HO,2022-11-10,28.0
Chicago DTG,CL,2022-11-10,678.0
GTM,HH,2022-11-10,838.0
Hall Trading,RB,2022-11-10,121.0
ACE ,RB,2022-11-10,84.0
GTM,NG,2022-11-10,6416.0
ACE ,BZ,2022-11-10,36.0
Dublin DTG,NG,2022-11-10,984.0
Hall Trading,CL,2022-11-10,27.0
Team HIT,NG,2022-11-10,94.0
Hall Trading,BZ,2022-11-10,0.0
Chicago DTG,RB,2022-11-10,196.0
Dublin DTG,CL,2022-11-10,534.0
ACE ,CL,2022-11-10,25.0
GTM,RB,2022-11-10,306.0
Dublin DTG,CL,2022-11-09,262.0
Dublin DTG,BZ,2022-11-09,48.0
ACE ,RB,2022-11-09,140.0
Hall Trading,HO,2022-11-09,13.0
Team HIT,NG,2022-11-09,42.0
Team HIT,CL,2022-11-09,188.0
Chicago DTG,RB,2022-11-09,256.0
GTM,RB,2022-11-09,216.0
ACE ,HO,2022-11-09,845.0
Chicago DTG,CL,2022-11-09,920.0
GTM,CL,2022-11-09,6392.0
Chicago DTG,HO,2022-11-09,116.0
Hall Trading,RB,2022-11-09,47.0
GTM,BZ,2022-11-09,1054.0
Dublin DTG,RB,2022-11-09,524.0
Hall Trading,BZ,2022-11-09,1.0
Dublin DTG,NG,2022-11-09,522.0
GTM,HH,2022-11-09,1996.0
GTM,HO,2022-11-09,644.0
Chicago DTG,NG,2022-11-09,714.0
ACE ,CL,2022-11-09,28.0
ACE ,BZ,2022-11-09,51.0
Hall Trading,CL,2022-11-09,28.0
GTM,NG,2022-11-09,7503.0
Chicago DTG,CL,2022-11-08,348.0
Team HIT,CL,2022-11-08,90.0
Chicago DTG,RB,2022-11-08,332.0
Team HIT,NG,2022-11-08,82.0
GTM,HH,2022-11-08,1163.0
ACE ,BZ,2022-11-08,21.0
GTM,HO,2022-11-08,1232.0
ACE ,HO,2022-11-08,1364.0
Chicago DTG,NG,2022-11-08,838.0
ACE ,CL,2022-11-08,25.0
Dublin DTG,NG,2022-11-08,890.0
Dublin DTG,HO,2022-11-08,12.0
Chicago DTG,HO,2022-11-08,36.0
Hall Trading,RB,2022-11-08,365.0
GTM,RB,2022-11-08,396.0
GTM,CL,2022-11-08,2776.0
Dublin DTG,CL,2022-11-08,66.0
GTM,NG,2022-11-08,11384.0
Hall Trading,HO,2022-11-08,16.0
Dublin DTG,RB,2022-11-08,664.0
Hall Trading,BZ,2022-11-08,183.0
Hall Trading,CL,2022-11-08,135.0
GTM,BZ,2022-11-08,672.0
ACE ,RB,2022-11-08,310.0
Hall Trading,BZ,2022-11-07,0.0
GTM,HO,2022-11-07,720.0
Hall Trading,CL,2022-11-07,204.0
Team HIT,CL,2022-11-07,48.0
GTM,HH,2022-11-07,1707.0
GTM,RB,2022-11-07,258.0
Dublin DTG,HO,2022-11-07,154.0
ACE ,RB,2022-11-07,4.0
Hall Trading,HO,2022-11-07,6.0
Chicago DTG,RB,2022-11-07,604.0
ACE ,CL,2022-11-07,27.0
ACE ,HO,2022-11-07,576.0
Chicago DTG,HO,2022-11-07,460.0
ACE ,BZ,2022-11-07,5.0
Chicago DTG,NG,2022-11-07,1802.0
Dublin DTG,NG,2022-11-07,678.0
Dublin DTG,RB,2022-11-07,188.0
GTM,BZ,2022-11-07,627.0
Team HIT,NG,2022-11-07,170.0
Chicago DTG,CL,2022-11-07,1604.0
GTM,NG,2022-11-07,9461.0
GTM,CL,2022-11-07,2835.0
Dublin DTG,CL,2022-11-07,120.0
Hall Trading,RB,2022-11-07,64.0
Chicago DTG,NG,2022-11-04,632.0
GTM,NG,2022-11-04,7185.0
Dublin DTG,NG,2022-11-04,28.0
Dublin DTG,HO,2022-11-04,36.0
GTM,HH,2022-11-04,1401.0
GTM,BZ,2022-11-04,954.0
ACE ,BZ,2022-11-04,21.0
GTM,RB,2022-11-04,290.0
GTM,CL,2022-11-04,2092.0
GTM,HO,2022-11-04,730.0
Hall Trading,CL,2022-11-04,81.0
Dublin DTG,CL,2022-11-04,18.0
Chicago DTG,RB,2022-11-04,624.0
Hall Trading,HO,2022-11-04,12.0
Team HIT,NG,2022-11-04,144.0
Chicago DTG,HO,2022-11-04,268.0
Team HIT,CL,2022-11-04,92.0
Hall Trading,BZ,2022-11-04,1.0
Hall Trading,RB,2022-11-04,317.0
Dublin DTG,RB,2022-11-04,160.0
ACE ,RB,2022-11-04,0.0
Chicago DTG,CL,2022-11-04,364.0
ACE ,CL,2022-11-04,25.0
ACE ,HO,2022-11-04,1407.0
GTM,RB,2022-11-03,430.0
Dublin DTG,HO,2022-11-03,28.0
GTM,BZ,2022-11-03,587.0
ACE ,CL,2022-11-03,28.0
Hall Trading,BZ,2022-11-03,0.0
Hall Trading,RB,2022-11-03,1463.0
Chicago DTG,NG,2022-11-03,336.0
Dublin DTG,CL,2022-11-03,54.0
Chicago DTG,HO,2022-11-03,680.0
Hall Trading,CL,2022-11-03,24.0
ACE ,RB,2022-11-03,433.0
Team HIT,CL,2022-11-03,260.0
Chicago DTG,CL,2022-11-03,438.0
GTM,HO,2022-11-03,1086.0
ACE ,HO,2022-11-03,1124.0
ACE ,BZ,2022-11-03,0.0
Team HIT,NG,2022-11-03,100.0
GTM,HH,2022-11-03,1200.0
GTM,CL,2022-11-03,981.0
Chicago DTG,RB,2022-11-03,652.0
Dublin DTG,RB,2022-11-03,324.0
Hall Trading,HO,2022-11-03,30.0
Dublin DTG,NG,2022-11-03,507.0
GTM,NG,2022-11-03,4751.0
Hall Trading,HO,2022-11-02,30.0
Team HIT,NG,2022-11-02,52.0
Hall Trading,RB,2022-11-02,259.0
GTM,HO,2022-11-02,646.0
Chicago DTG,NG,2022-11-02,686.0
GTM,HH,2022-11-02,936.0
Dublin DTG,NG,2022-11-02,867.0
GTM,BZ,2022-11-02,277.0
GTM,CL,2022-11-02,589.0
ACE ,CL,2022-11-02,25.0
ACE ,RB,2022-11-02,253.0
Dublin DTG,HO,2022-11-02,176.0
ACE ,HO,2022-11-02,511.0
Dublin DTG,RB,2022-11-02,704.0
Hall Trading,BZ,2022-11-02,2.0
Chicago DTG,RB,2022-11-02,2020.0
GTM,NG,2022-11-02,5409.0
Team HIT,CL,2022-11-02,148.0
Dublin DTG,CL,2022-11-02,110.0
Dublin DTG,BZ,2022-11-02,194.0
ACE ,BZ,2022-11-02,91.0
Chicago DTG,CL,2022-11-02,508.0
Hall Trading,CL,2022-11-02,145.0
Chicago DTG,HO,2022-11-02,476.0
GTM,RB,2022-11-02,220.0
GTM,RB,2022-11-01,304.0
Hall Trading,RB,2022-11-01,1115.0
Hall Trading,HO,2022-11-01,98.0
GTM,HH,2022-11-01,1092.0
Dublin DTG,HO,2022-11-01,102.0
GTM,NG,2022-11-01,9653.0
GTM,HO,2022-11-01,1022.0
ACE ,CL,2022-11-01,27.0
Hall Trading,CL,2022-11-01,139.0
Chicago DTG,RB,2022-11-01,644.0
Dublin DTG,CL,2022-11-01,338.0
Team HIT,CL,2022-11-01,72.0
GTM,CL,2022-11-01,640.0
Hall Trading,BZ,2022-11-01,18.0
GTM,BZ,2022-11-01,558.0
ACE ,RB,2022-11-01,561.0
Chicago DTG,CL,2022-11-01,412.0
Dublin DTG,NG,2022-11-01,1482.0
Chicago DTG,HO,2022-11-01,936.0
Chicago DTG,NG,2022-11-01,2792.0
Team HIT,NG,2022-11-01,28.0
ACE ,HO,2022-11-01,1864.0
Dublin DTG,RB,2022-11-01,192.0
ACE ,BZ,2022-11-01,11.0
